{"_step":35,"train/global_step":1425,"_wandb":{"runtime":11479},"train/train_steps_per_second":0.124,"train/epoch":3,"train/train_samples_per_second":1.988,"train/loss":0.8193,"eval/samples_per_second":6.319,"train/train_loss":0.931841662222879,"train/total_flos":9.810059563703992e+17,"train/train_runtime":11467.8622,"_runtime":11479,"eval/runtime":63.3014,"eval/steps_per_second":0.79,"_timestamp":1.7577035568493817e+09,"train/learning_rate":9.09090909090909e-07}