{"_timestamp":1.7577397445118096e+09,"eval/runtime":67.6047,"train/learning_rate":9.09090909090909e-07,"train/global_step":1425,"train/train_steps_per_second":0.12,"train/epoch":3,"eval/samples_per_second":5.917,"eval/steps_per_second":0.74,"_step":35,"_wandb":{"runtime":11911},"train/loss":0.819,"train/train_loss":0.9315989577979372,"train/train_runtime":11912.5502,"train/train_samples_per_second":1.914,"_runtime":11911,"train/total_flos":9.810059563703992e+17}