{"train/train_loss":0.14441541012822617,"train/train_steps_per_second":0.128,"train/global_step":6180,"_runtime":48215,"eval/steps_per_second":0.804,"train/learning_rate":2.4469820554649265e-07,"train/loss":0.0347,"train/epoch":14.99,"eval/samples_per_second":6.43,"_wandb":{"runtime":48215},"_step":153,"_timestamp":1.7579002086107178e+09,"eval/runtime":31.1054,"train/train_runtime":48217.0818,"train/total_flos":4.2544679362421064e+18,"train/train_samples_per_second":2.053}