{"_wandb":{"runtime":19133},"train/train_runtime":19134.9794,"train/train_steps_per_second":0.124,"train/epoch":5,"train/learning_rate":5.376344086021506e-07,"eval/samples_per_second":6.016,"train/loss":0.78,"train/train_samples_per_second":1.986,"train/global_step":2375,"eval/steps_per_second":0.752,"train/total_flos":1.6350099272839987e+18,"_runtime":19133,"_step":58,"_timestamp":1.7577764238775506e+09,"eval/runtime":66.4939,"train/train_loss":0.8764925344366776}