{"train/global_step":1425,"train/train_steps_per_second":0.071,"train/train_loss":0.8844999226352624,"train/total_flos":9.810059563703992e+17,"_wandb":{"runtime":20204},"train/learning_rate":9.09090909090909e-07,"eval/runtime":61.9432,"train/train_runtime":20189.4704,"_runtime":20204,"_timestamp":1.757690631418016e+09,"_step":35,"train/train_samples_per_second":1.129,"train/epoch":3,"train/loss":0.7699,"eval/samples_per_second":6.458,"eval/steps_per_second":0.807}