{
  "sentence_level_accuracy": 0.5570167198947962,
  "caption_level_accuracy": 0.8081149619611158,
  "kendalls_tau": 0.09441160309227153,
  "total_samples": 5323,
  "total_captions": 1183,
  "splitwise": {
    "LVLM": {
      "sentence_level_accuracy": 0.5079580088046055,
      "caption_level_accuracy": 0.8121827411167513,
      "kendalls_tau": 0.0038135484037207863,
      "num_samples": 2953
    },
    "LLM": {
      "sentence_level_accuracy": 0.5157041540020263,
      "caption_level_accuracy": 0.8615384615384616,
      "kendalls_tau": -0.019566074950690335,
      "num_samples": 987
    },
    "FT": {
      "sentence_level_accuracy": 0.6912509038322487,
      "caption_level_accuracy": 0.7878787878787878,
      "kendalls_tau": 0.18544592955367367,
      "num_samples": 1383
    }
  }
}